name,clinic_type,address,telephone_number,location,pcn_network,specialty,operating_hours,appt_interval,num_rooms
"57 MEDICAL CLINIC (GEYLANG BAHRU)","GP","57 GEYLANG BAHRU #01-3505, SINGAPORE 330057","66947078","CENTRAL","ASSURANCE PCN","","0900-1300, 1400-1700",30,2
"57 MEDICAL CLINIC (KALLANG AIRPORT)","GP","32 CASSIA CRESCENT #01-62, SINGAPORE 390032","65189262","CENTRAL","ASSURANCE PCN","","0900-1300, 1400-1700",30,2
"57 MEDICAL CLINIC (PARKWAY CENTRE)","GP","1 MARINE PARADE CENTRAL #02-05 PARKWAY CENTRE, SINGAPORE 449408","62149612","CENTRAL","ASSURANCE PCN","","0900-1300, 1400-1700",30,2
"57 MEDICAL CLINIC (PEK KIO)","GP","41 CAMBRIDGE ROAD #01-17, SINGAPORE 210041","65399237","CENTRAL","ASSURANCE PCN","","0900-1300, 1400-1700",30,2
"57 MEDICAL CLINIC (WOODLANDS)","GP","166 WOODLANDS STREET 13 #01-533, SINGAPORE 730166","65399236","CENTRAL","ASSURANCE PCN","","0900-1300, 1400-1700",30,2
"57 MEDICAL CLINIC (YISHUN)","GP","618 YISHUN RING ROAD #01-3238, SINGAPORE 760618","62353490","CENTRAL","ASSURANCE PCN","","0900-1300, 1400-1700",30,2
"888 PLAZA FAMILY CLINIC","GP","888 WOODLANDS DRIVE 50 #01-739 888 PLAZA, SINGAPORE 730888","63688762","CENTRAL","ASSURANCE PCN","","0900-1300, 1400-1700",30,2
"ACUMED MEDICAL GROUP","GP","111 WOODLANDS STREET 13 #01-78, SINGAPORE 730111","63627789","CENTRAL","ASSURANCE PCN","","0900-1300, 1400-1700",30,2
"ACUMED MEDICAL GROUP","GP","801 TAMPINES AVENUE 4 #01-269 TAMPINES POLYVIEW, SINGAPORE 520801","62231070","CENTRAL","ASSURANCE PCN","","0900-1300, 1400-1700",30,2
"ACUMED MEDICAL GROUP","GP","301 BOON LAY WAY #01-18/19 BOON LAY MRT STATION, SINGAPORE 649846","65159919","CENTRAL","ASSURANCE PCN","","0900-1300, 1400-1700",30,2
"ACUMED MEDICAL GROUP","GP","214 BEDOK NORTH STREET 1 #01-165, SINGAPORE 460214","64438077","CENTRAL","ASSURANCE PCN","","0900-1300, 1400-1700",30,2
"ACUMED MEDICAL GROUP","GP","64 YUNG KUANG ROAD #01-107, SINGAPORE 610064","62656422","CENTRAL","ASSURANCE PCN","","0900-1300, 1400-1700",30,2
"ACUMED MEDICAL GROUP","GP","38 TEBAN GARDENS ROAD #01-318, SINGAPORE 600038","65619366","CENTRAL","ASSURANCE PCN","","0900-1300, 1400-1700",30,2
"ACUMED MEDICAL GROUP","GP","1 JURONG WEST CENTRAL 2 #B1A-19E JURONG POINT SHOPPING CENTRE JP1, SINGAPORE 648886","67923822","CENTRAL","ASSURANCE PCN","","0900-1300, 1400-1700",30,2
"ACUMED MEDICAL GROUP","GP","215C COMPASSVALE DRIVE #01-02, SINGAPORE 543215","63850113","CENTRAL","ASSURANCE PCN","","0900-1300, 1400-1700",30,2
"ACUMED MEDICAL GROUP","GP","7 WALLICH STREET #B1-15 GUOCO TOWER, SINGAPORE 078884","63868980","CENTRAL","ASSURANCE PCN","","0900-1300, 1400-1700",30,2
"ACUMED MEDICAL GROUP","GP","71 PIONEER ROAD #01-06 TUAS AMENITY CENTRE, SINGAPORE 639591","68615996","CENTRAL","ASSURANCE PCN","","0900-1300, 1400-1700",30,2
"ACUMED MEDICAL GROUP","GP","1 JOO KOON CIRCLE #01-23 FAIRPRICE HUB, SINGAPORE 629117","68615755","CENTRAL","ASSURANCE PCN","","0900-1300, 1400-1700",30,2
"AFFINITY MEDICAL CLINIC","GP","253 SERANGOON CENTRAL DRIVE #01-187, SINGAPORE 550253","62808080","CENTRAL","ASSURANCE PCN","","0900-1300, 1400-1700",30,2
"ASSURANCE MEDICARE CLINIC AND SURGERY","GP","370 TANJONG KATONG ROAD, SINGAPORE 437127","63457810","CENTRAL","ASSURANCE PCN","","0900-1300, 1400-1700",30,2
"BALESTIER MEDICAL CLINIC","GP","221 BALESTIER RD #02-06, SINGAPORE 329928","60254975","CENTRAL","ASSURANCE PCN","","0900-1300, 1400-1700",30,2
"BETHESDA MEDICAL @ AMK","GP","709 ANG MO KIO AVENUE 8 #01-2583, SINGAPORE 560709","64286084","CENTRAL","ASSURANCE PCN","","0900-1300, 1400-1700",30,2
"BETHESDA MEDICAL @ BEACH RD","GP","152 BEACH ROAD #03-08 GATEWAY EAST, SINGAPORE 189721","62995398","CENTRAL","ASSURANCE PCN","","0900-1300, 1400-1700",30,2
"BETHESDA MEDICAL @ MACPHERSON","GP","601 MACPHERSON ROAD #01-03/04 GRANTRAL COMPLEX, SINGAPORE 368242","69046678","CENTRAL","ASSURANCE PCN","","0900-1300, 1400-1700",30,2
"BETHESDA MEDICAL @ MARGARET","GP","38 MARGARET DRIVE #02-01, SINGAPORE 141038","63223886","CENTRAL","ASSURANCE PCN","","0900-1300, 1400-1700",30,2
"BETHESDA MEDICAL @ SUNTEC","GP","3 TEMASEK BOULEVARD #03-330 SUNTEC CITY MALL, SINGAPORE 038983","63378933","CENTRAL","ASSURANCE PCN","","0900-1300, 1400-1700",30,2
"BETHESDA MEDICAL @ TAMPINES","GP","406 TAMPINES STREET 41 #01-31 SUN PLAZA GREEN, SINGAPORE 520406","67831806","CENTRAL","ASSURANCE PCN","","0900-1300, 1400-1700",30,2
"BETHESDA MEDICAL @ TPY","GP","500 LORONG 6 TOA PAYOH #04-33 HDB HUB, SINGAPORE 310500","62535600","CENTRAL","ASSURANCE PCN","","0900-1300, 1400-1700",30,2
"BETHESDA MEDICAL @ YISHUN","GP","293 YISHUN STREET 22 #01-223, SINGAPORE 760293","64286081","CENTRAL","ASSURANCE PCN","","0900-1300, 1400-1700",30,2
"CLINIC @ THE SAIL","GP","2 MARINA BOULEVARD #B1-11/12 THE SAIL @ MARINA BAY, SINGAPORE 018987","62255410","CENTRAL","ASSURANCE PCN","","0900-1300, 1400-1700",30,2
"G S CLINIC & SURGERY","GP","632 ANG MO KIO AVE 4 #01-960, SINGAPORE 560632","64568967","CENTRAL","ASSURANCE PCN","","0900-1300, 1400-1700",30,2
"GREAT HEALTH MEDICAL CLINIC","GP","443 ANG MO KIO AVENUE 10 #01-1259, SINGAPORE 560443","64561767","CENTRAL","ASSURANCE PCN","","0900-1300, 1400-1700",30,2
"HEALTHCARE AMK MEDICAL CLINIC","GP","157 ANG MO KIO AVENUE 4 #01-578 MAYFLOWER SHOPPING & FOOD CENTRE, SINGAPORE 560157","64511528","CENTRAL","ASSURANCE PCN","","0900-1300, 1400-1700",30,2
"HEALTHWERKZ MEDICAL CENTRE @ BEDOK","GP","515 BEDOK NORTH AVE 2 #01-205, SINGAPORE 460515","64438322","CENTRAL","ASSURANCE PCN","","0900-1300, 1400-1700",30,2
"HEALTHWERKZ MEDICAL CENTRE @ CENTRIUM","GP","320 SERANGOON ROAD #16-04 CENTRIUM SQUARE, SINGAPORE 218108","67345987","CENTRAL","ASSURANCE PCN","","0900-1300, 1400-1700",30,2
"HONG'S CLINIC PEOPLE'S PARK CENTRE","GP","101 UPPER CROSS STREET #B1-37 PEOPLE'S PARK CENTRE, SINGAPORE 058357","65352169","CENTRAL","ASSURANCE PCN","","0900-1300, 1400-1700",30,2
"JOASH FAMILY CLINIC & SURGERY","GP","1030 UPPER SERANGOON ROAD, SINGAPORE 534767","62827371","CENTRAL","ASSURANCE PCN","","0900-1300, 1400-1700",30,2
"LIANG CLINIC","GP","55 SIGLAP ROAD #B1-15/16 SIGLAP CENTRE, SINGAPORE 455871","62415944","CENTRAL","ASSURANCE PCN","","0900-1300, 1400-1700",30,2
"LIM CLINIC","GP","295 CHANGI ROAD, SINGAPORE 419773","67426335","CENTRAL","ASSURANCE PCN","","0900-1300, 1400-1700",30,2
"LONDON (MH) CLINIC & SURGERY","GP","104 HOUGANG AVE 1 #01-1123, SINGAPORE 530104","62807262","CENTRAL","ASSURANCE PCN","","0900-1300, 1400-1700",30,2
"MYDOCTOR@ADMIRALTY PTE LTD","GP","693 WOODLANDS AVENUE 6 #01-03, SINGAPORE 730693","69098365","CENTRAL","ASSURANCE PCN","","0900-1300, 1400-1700",30,2
"ROYAL CARE MEDICAL FAMILY CLINIC CHOA CHU KANG","GP","818 CHOA CHU KANG AVENUE 1 #01-13, SINGAPORE 680818","67608784","CENTRAL","ASSURANCE PCN","","0900-1300, 1400-1700",30,2
"ROYAL CARE MEDICAL YISHUN GROVE","GP","675 YISHUN AVENUE 4 #01-07, SINGAPORE 760675","68152990","CENTRAL","ASSURANCE PCN","","0900-1300, 1400-1700",30,2
"ROYAL CARE MEDICAL YISHUN JUNCTION 9","GP","317 YISHUN AVENUE 9 #01-03 MULTI STOREY CAR PARK, SINGAPORE 760317","67107338","CENTRAL","ASSURANCE PCN","","0900-1300, 1400-1700",30,2
"SINGMEDICAL CLINIC CLEMENTI","GP","446 CLEMENTI AVENUE 3 #01-185, SINGAPORE 120446","65183533","CENTRAL","ASSURANCE PCN","","0900-1300, 1400-1700",30,2
"TEBAN GARDEN CLINIC","GP","61 TEBAN GARDENS RD #01-01 TEBAN PLACE, SINGAPORE 600061","65619052","CENTRAL","ASSURANCE PCN","","0900-1300, 1400-1700",30,2
"THE CLINIC @ APERIA","GP","12 KALLANG AVENUE #01-08 APERIA, SINGAPORE 339511","63416892","CENTRAL","ASSURANCE PCN","","0900-1300, 1400-1700",30,2
"THE CLINIC @ BUSINESS CITY","GP","20 PASIR PANJANG ROAD #02-26 MAPLETREE BUSINESS CITY, SINGAPORE 117439","68167180","CENTRAL","ASSURANCE PCN","","0900-1300, 1400-1700",30,2
"THE CLINIC @ CAMPUS","GP","70 STAMFORD ROAD #B1-21 LI KA SHING LIBRARY BUILDING, SINGAPORE 178901","63339300","CENTRAL","ASSURANCE PCN","","0900-1300, 1400-1700",30,2
"THE CLINIC @ CAPITAGREEN","GP","138 MARKET STREET #02-01A CAPITAGREEN, SINGAPORE 048946","63846851","CENTRAL","ASSURANCE PCN","","0900-1300, 1400-1700",30,2
"THE CLINIC @ ONE GEORGE STREET","GP","1 GEORGE STREET #05-05 (LOBBY C), SINGAPORE 049145","64385322","CENTRAL","ASSURANCE PCN","","0900-1300, 1400-1700",30,2
"THE CLINIC @ TAI SENG","GP","18 TAI SENG STREET #01-07/08 MAPLETREE 18, SINGAPORE 539775","63840160","CENTRAL","ASSURANCE PCN","","0900-1300, 1400-1700",30,2
"THE CLINIC GROUP @ CAPITAL TOWER","GP","168 ROBINSON ROAD #02-02 CAPITAL TOWER, SINGAPORE 068912","64385322","CENTRAL","ASSURANCE PCN","","0900-1300, 1400-1700",30,2
"THE CLINIC GROUP @ MARINA ONE","GP","5 STRAITS VIEW #B2-54 THE HEART, SINGAPORE 018935","62828518","CENTRAL","ASSURANCE PCN","","0900-1300, 1400-1700",30,2
"THE CLINIC GROUP @ WESTGATE","GP","3 GATEWAY DRIVE #04-25 WESTGATE, SINGAPORE 608532","63339300","CENTRAL","ASSURANCE PCN","","0900-1300, 1400-1700",30,2
"THE CLINIC@FUSIONOPOLIS","GP","1 FUSIONOPOLIS PLACE #01-05 GALAXIS, SINGAPORE 138522","64660602","CENTRAL","ASSURANCE PCN","","0900-1300, 1400-1700",30,2
"THE LOCAL DOCTOR CLINIC","GP","61 TELOK BLANGAH HEIGHTS #01-107 BLANGAH GARDEN, SINGAPORE 100061","60190409","CENTRAL","ASSURANCE PCN","","0900-1300, 1400-1700",30,2
"TRUE MEDICAL CLINIC BEDOK SOUTH","GP","158 BEDOK SOUTH AVENUE 3 #01-587, SINGAPORE 460158","69042029","CENTRAL","ASSURANCE PCN","","0900-1300, 1400-1700",30,2
"TRUE MEDICAL CLINIC PAYA LEBAR QUARTER","GP","10 PAYA LEBAR ROAD #04-26 PAYA LEBAR QUARTER, SINGAPORE 409057","69701933","CENTRAL","ASSURANCE PCN","","0900-1300, 1400-1700",30,2
"TRUE MEDICAL CLINIC TAMPINES WEST","GP","824 TAMPINES STREET 81 #01-26 TAMPINES GROVE, SINGAPORE 520824","69090324","CENTRAL","ASSURANCE PCN","","0900-1300, 1400-1700",30,2
"UNITY MEDICAL CLINIC","GP","501 WEST COAST DRIVE #01-250, SINGAPORE 120501","65189379","CENTRAL","ASSURANCE PCN","","0900-1300, 1400-1700",30,2
"W Y TEH FAMILY CLINIC AND SURGERY","GP","462 TAMPINES STREET 44 #01-60, SINGAPORE 520462","67836802","CENTRAL","ASSURANCE PCN","","0900-1300, 1400-1700",30,2
"WHAMPOA CLINIC","GP","88 WHAMPOA DR #01-863, SINGAPORE 320088","62521020","CENTRAL","ASSURANCE PCN","","0900-1300, 1400-1700",30,2
"WONG FAMILY CLINIC & SURGERY PTE LTD","GP","117 BEDOK RESERVOIR RD #01-68, SINGAPORE 470117","68461613","CENTRAL","ASSURANCE PCN","","0900-1300, 1400-1700",30,2
"1 ALJUNIED MEDICAL","GP","389 UPPER ALJUNIED ROAD MACPHERSON GARDEN ESTATE, SINGAPORE 367874","62861923","CENTRAL","CENTRAL- NORTH PCN","","0900-1300, 1400-1700",30,2
"360 CLINIC","GP","407 ANG MO KIO AVENUE 10 #01-749 TECK GHEE SQUARE, SINGAPORE 560407","82180926","CENTRAL","CENTRAL- NORTH PCN","","0900-1300, 1400-1700",30,2
"ACEHEALTH MEDICAL","GP","316B ANG MO KIO STREET 31 #01-10 TECK GHEE VISTA, SINGAPORE 563316","62526772","CENTRAL","CENTRAL- NORTH PCN","","0900-1300, 1400-1700",30,2
"AMK FAMILY CLINIC","GP","716 ANG MO KIO AVENUE 6 #01-4024, SINGAPORE 560716","64544204","CENTRAL","CENTRAL- NORTH PCN","","0900-1300, 1400-1700",30,2
"AN MEDICAL CLINIC@AMK","GP","722 ANG MO KIO AVENUE 8 #01-2831, SINGAPORE 560722","69042468","CENTRAL","CENTRAL- NORTH PCN","","0900-1300, 1400-1700",30,2
"ANSARI FAMILY CLINIC & SURGERY","GP","78 LORONG 25A GEYLANG ROAD, SINGAPORE 388259","67430714","CENTRAL","CENTRAL- NORTH PCN","","0900-1300, 1400-1700",30,2
"APPLETREE MEDICAL","GP","416 ANG MO KIO AVENUE 10 #01-1003, SINGAPORE 560416","64548361","CENTRAL","CENTRAL- NORTH PCN","","0900-1300, 1400-1700",30,2
"ASHFORD MEDICAL CENTRE","GP","79 SERANGOON GARDEN WAY #01-01 SERANGOON GARDEN ESTATE, SINGAPORE 555975","62659146","CENTRAL","CENTRAL- NORTH PCN","","0900-1300, 1400-1700",30,2
"ATRIO FAMILY CLINIC","GP","291 YISHUN STREET 22 #01-349, SINGAPORE 760291","67520838","CENTRAL","CENTRAL- NORTH PCN","","0900-1300, 1400-1700",30,2
"ATRIO FAMILY CLINIC (AMK) PTE. LTD.","GP","532 ANG MO KIO AVENUE 10 #01-2461 CHENG SAN CENTRE, SINGAPORE 560532","64554282","CENTRAL","CENTRAL- NORTH PCN","","0900-1300, 1400-1700",30,2
"B T GOH FAMILY CLINIC & SURGERY","GP","194 KIM KEAT AVE #01-406, SINGAPORE 310194","63544535","CENTRAL","CENTRAL- NORTH PCN","","0900-1300, 1400-1700",30,2
"BEACON CLINIC AND SURGERY","GP","531 ANG MO KIO 10 #01-2447, SINGAPORE 560531","69700802","CENTRAL","CENTRAL- NORTH PCN","","0900-1300, 1400-1700",30,2
"BELIEF MEDICAL","GP","809 FRENCH ROAD #02-32 KITCHENER COMPLEX, SINGAPORE 200809","-","CENTRAL","CENTRAL- NORTH PCN","","0900-1300, 1400-1700",30,2
"BINJAI MEDICAL CLINIC","GP","23 BINJAI PARK, SINGAPORE 589828","64693737","CENTRAL","CENTRAL- NORTH PCN","","0900-1300, 1400-1700",30,2
"C3 FAMILY CLINIC @ALJUNIED CRESCENT","GP","95 ALJUNIED CRESCENT #01-509 MACPHERSON VIEW, SINGAPORE 380095","67422285","CENTRAL","CENTRAL- NORTH PCN","","0900-1300, 1400-1700",30,2
"CANARY MEDICAL CLINIC","GP","182 WOODLANDS STREET 13 #01-04 MARSILING GREENVIEW, SINGAPORE 730182","62352880","CENTRAL","CENTRAL- NORTH PCN","","0900-1300, 1400-1700",30,2
"CARE & CURE MEDICAL CLINIC AND SURGERY","GP","76 CIRCUIT ROAD #01-07 MULTI STOREY CAR PARK, SINGAPORE 370076","89477590","CENTRAL","CENTRAL- NORTH PCN","","0900-1300, 1400-1700",30,2
"CAREDOC MEDICAL CLINIC","GP","215 ANG MO KIO AVENUE 1 #01-907, SINGAPORE 560215","65184771","CENTRAL","CENTRAL- NORTH PCN","","0900-1300, 1400-1700",30,2
"CARELINK FAMILY CLINIC","GP","400 BALESTIER ROAD #01-08 BALESTIER PLAZA, SINGAPORE 329802","62545287","CENTRAL","CENTRAL- NORTH PCN","","0900-1300, 1400-1700",30,2
"CARELITE MEDICAL CLINIC (LEE CLINIC, AMK)","GP","505 ANG MO KIO AVENUE 8 #01-2684 CHENG SAN CREST, SINGAPORE 560505","83885500","CENTRAL","CENTRAL- NORTH PCN","","0900-1300, 1400-1700",30,2
"CENTRAL 24-HR CLINIC (MARSILING)","GP","303 WOODLANDS STREET 31 #01-185, SINGAPORE 730303","63652908","CENTRAL","CENTRAL- NORTH PCN","","0900-1300, 1400-1700",30,2
"CENTRAL 24-HR CLINIC (WOODLANDS)","GP","768 WOODLANDS AVENUE 6 #02-06A WOODLANDS MART, SINGAPORE 730768","63654895","CENTRAL","CENTRAL- NORTH PCN","","0900-1300, 1400-1700",30,2
"CENTRAL 24-HR CLINIC (YISHUN)","GP","701A YISHUN AVE 5 #01-04, SINGAPORE 761701","67597985","CENTRAL","CENTRAL- NORTH PCN","","0900-1300, 1400-1700",30,2
"CHARAZOI MEDICAL CLINIC","GP","161 LAVENDER STREET #01-10 LAVENDER PLACE, SINGAPORE 338750","68027972","CENTRAL","CENTRAL- NORTH PCN","","0900-1300, 1400-1700",30,2
"CHIA CLINIC AND SURGERY","GP","27 FOCH ROAD #01-04 HOA NAM BUILDING, SINGAPORE 209264","62980959","CENTRAL","CENTRAL- NORTH PCN","","0900-1300, 1400-1700",30,2
"CHNG CLINIC AND SURGERY","GP","178 TOA PAYOH CENTRAL #01-236, SINGAPORE 310178","62504522","CENTRAL","CENTRAL- NORTH PCN","","0900-1300, 1400-1700",30,2
"CHUA CLINIC","GP","678 HOUGANG AVE 8 #01-513, SINGAPORE 530678","63865720","CENTRAL","CENTRAL- NORTH PCN","","0900-1300, 1400-1700",30,2
"CHUA CLINIC & SURGERY","GP","844 YISHUN ST 81 #01-156, SINGAPORE 760844","67521603","CENTRAL","CENTRAL- NORTH PCN","","0900-1300, 1400-1700",30,2
"CHUAH CLINIC & SURGERY PTE LTD","GP","113 ALJUNIED AVE 2 #01-19, SINGAPORE 380113","67452104","CENTRAL","CENTRAL- NORTH PCN","","0900-1300, 1400-1700",30,2
"CHUNG & EE MEDICAL CLINIC","GP","10 TELOK BLANGAH CRESCENT #01-151, SINGAPORE 090010","69963782","CENTRAL","CENTRAL- NORTH PCN","","0900-1300, 1400-1700",30,2
"CLAREMONT MEDICAL CLINIC","GP","28 SERANGOON NORTH AVENUE 1 #01-61 AFFINITY AT SERANGOON, SINGAPORE 554341","69808565","CENTRAL","CENTRAL- NORTH PCN","","0900-1300, 1400-1700",30,2
"CLARION MEDICAL","GP","202 ANG MO KIO AVENUE 3 #01-1676 ANG MO KIO VIEW, SINGAPORE 560202","63530818","CENTRAL","CENTRAL- NORTH PCN","","0900-1300, 1400-1700",30,2
"COMFORT CLINIC & SURGERY","GP","214 SERANGOON AVE 4 #01-100, SINGAPORE 550214","62807271","CENTRAL","CENTRAL- NORTH PCN","","0900-1300, 1400-1700",30,2
"CONCORD MEDICAL CLINIC","GP","713 ANG MO KIO AVENUE 6 #01-4052, SINGAPORE 560713","64563535","CENTRAL","CENTRAL- NORTH PCN","","0900-1300, 1400-1700",30,2
"CREST FAMILY CLINIC PTE. LTD.","GP","724 WOODLANDS AVE 6 #01-502, SINGAPORE 730724","63650906","CENTRAL","CENTRAL- NORTH PCN","","0900-1300, 1400-1700",30,2
"DAILY MEDICAL CENTRE","GP","159 HOUGANG STREET 11 #01-17, SINGAPORE 530159","62843218","CENTRAL","CENTRAL- NORTH PCN","","0900-1300, 1400-1700",30,2
"CH POH DIGESTIVE & LIVER CLINIC PTE LTD","SPECIALIST","38  IRRAWADDY ROAD  #09-46  MOUNT ELIZABETH NOVENA  SINGAPORE 329563","66946988","CENTRAL","","GASTROENTEROLOGY","0830 - 1300, 1300 - 1700",45,3
"ISLAND ORTHOPAEDIC CONSULTANTS PTE LTD (MT E NOVENA)","SPECIALIST","38  IRRAWADDY ROAD  #05-42  MOUNT ELIZABETH NOVENA SPECIALIST CENTRE  SINGAPORE 329563","63520529","CENTRAL","","ORTHOPAEDIC","0900 - 1300, 1300 - 1700",45,3
"ANGEL EYE & CATARACT CENTRE","SPECIALIST","101 IRRAWADDY ROAD #21-07 ROYAL SQUARE MEDICAL CENTRE SINGAPORE 329565","65143338","CENTRAL","","OPHTHALMOLOGY","0900-1300, 1300-1800",45,3
"ALEX OOI & ASSOCIATES OBGYN CONSULTANTS","SPECIALIST","1 FARRER PARK  STATION ROAD  #12-05  FARRER PARK MEDICAL CENTRE  SINGAPORE 217562","67349494 /
67388331","CENTRAL","","OBSTETRICS &amp; GYNAECOLOGY","0900 - 1300, 1300 - 1700",45,3
"AMANDELA ENT HEAD & NECK CENTRE","SPECIALIST","38  IRRAWADDY ROAD  #10-45/46/47  SINGAPORE 329563","66941990","CENTRAL","","EAR NOSE THROAT","0900 - 1300, 1300 - 1700",45,3
"APEX HEART CLINIC.","SPECIALIST","6A  NAPIER ROAD  #04-37  (ANNEXE BLOCK)GLENEAGLES HOSPITAL  SINGAPORE 258500","64797928","CENTRAL","","CARDIOLOGY","0900 - 1300, 1400 - 1700",45,3
"AMBULATORY SURGICARE","SPECIALIST","10  SINARAN DRIVE  #09-01  NOVENA MEDICAL CENTRE  SINGAPORE 307506","63976979","CENTRAL","","GENERAL SURGERY","0900 - 1300, 1400 - 1700",45,3
"APICARE PAIN SPECIALIST PTE LTD","SPECIALIST","1  FARRER PARK STATION ROAD  #15-05  FARRER PARK MEDICAL CENTRE  SINGAPORE 217562","65133383","CENTRAL","","PAIN SPECIALIST","0900 - 1300, 1300 - 1730",45,3
"ATLAS SPINE AND ORTHOPAEDIC CENTRE PTE LTD","SPECIALIST","3  MT ELIZABETH  #06-09  MT ELIZABETH MEDICAL CENTRE  SINGAPORE 228510","62620555","CENTRAL","","ORTHOPAEDIC","0930 - 1300, 1400 - 1700",45,3
"ASTRA WOMEN'S SPECIALISTS (MOUNT E NOVENA)","SPECIALIST","38  IRRAWADDY ROAD  #05-21/22  MOUNT ELIZABETH NOVENA SPECIALIST CENTRE  SINGAPORE 329563","62585530","CENTRAL","","OBSTETRICS &amp; GYNAECOLOGY","0900 - 1200, 1300 - 1700",45,3
"ASTRA WOMEN'S SPECIALIST CENTRE (BISHAN)","SPECIALIST","502  BISHAN STREET 11  #01-356  SINGAPORE 570502","62585530","CENTRAL","","OBSTETRICS &amp; GYNAECOLOGY","0900 - 1200, 1300 - 1800",45,3
"ASIA EYE CENTRE CATARACT & RETINA SPECIALIST","SPECIALIST","101   IRRAWADDY ROAD  #20-07   ROYAL SQUARE MEDICAL CENTRE   SINGAPORE 329565","62565188","CENTRAL","","OPHTHALMOLOGY","0830 - 1300, 1300 - 1730",45,3
"ADVANCE SURGICAL GROUP","SPECIALIST","290  ORCHARD ROAD  #18-01  PARAGON  SINGAPORE 238859","68362168","CENTRAL","","GENERAL SURGERY","0900 - 1300, 1300 - 1800",45,3
"ADVANCED BRAIN AND SPINE SURGICAL CENTRE","SPECIALIST","6   NAPIER ROAD  #04-03  GLENEAGLES MEDICAL CENTRE  SINGAPORE 258499","62524514","CENTRAL","","NEUROLOGY","0900 - 1300, 1300 - 1700",45,3
"AXIS ORTHOPAEDIC CENTRE","SPECIALIST","38  IRRAWADDY ROAD  #06-33  MOUNT ELIZABETH NOVENA SPECIALIST CENTRE  SINGAPORE 329563","66975320","CENTRAL","","ORTHOPAEDIC","0830 - 1300, 1300 - 1730",45,3
"ASIAN HEART & VASCULAR CENTRE (MOUNT ELIZABETH)","SPECIALIST","3   MOUNT ELIZABETH  #17-08  MOUNT ELIZABETH MEDICAL CENTRE  SINGAPORE 228510","67338638 /
62733638","CENTRAL","","CARDIOLOGY","0830 - 1300, 1400 - 1700",45,3
"ASIAN HEART & VASCULAR CENTRE (MOUNT ELIZABETH) (L10)","SPECIALIST","3   MOUNT ELIZABETH  #10-14  MOUNT ELIZABETH MEDICAL CENTRE  SINGAPORE 228510","69110066 /
62733638","CENTRAL","","CARDIOLOGY","0830 - 1300, 1400 - 1700",45,3
"ASIAN HEART & VASCULAR CENTRE (NOVENA)","SPECIALIST","38  IRRAWADDY ROAD   #08-58/59/60/61  MOUNT ELIZABETH NOVENA SPECIALIST CENTRE  SINGAPORE 329563","63393638 /
62733638","CENTRAL","","CARDIOLOGY","0830 - 1300, 1400 - 1700",45,3
"ASIAN HEART & VASCULAR CENTRE (NOVENA) (L10)","SPECIALIST","38  IRRAWADDY ROAD   #10-54/55  MOUNT ELIZABETH NOVENA SPECIALIST CENTRE  SINGAPORE 329563","63393638 /
62733638","CENTRAL","","CARDIOLOGY","0830 - 1300, 1400 - 1700",45,3
"ASIAN HEART & VASCULAR CENTRE (GLENEAGLES)","SPECIALIST","6A   NAPIER ROAD  #01-39  GLENEAGLES HOSPITAL ANNEXE BLOCK  SINGAPORE 258500","64739698 /
62733638","CENTRAL","","CARDIOLOGY","0830 - 1300, 1400 - 1700",45,3
"ASIAN HEART & VASCULAR CENTRE (PARKWAY EAST)","SPECIALIST","319  JOO CHIAT PLACE  #04-05  PARKWAY EAST MEDICAL CENTRE  SINGAPORE 427989","63441317 /
62733638","EAST","","CARDIOLOGY","0830 - 1300, 1400 - 1700",45,3
"ASIAN HEALTHCARE SPECIALISTS (NOVENA)","SPECIALIST","38   IRRAWADDY ROAD  #08-41  MOUNT ELIZABETH NOVENA SPECIALIST CENTRE  SINGAPORE 329563","63341486","CENTRAL","","ORTHOPAEDIC","0900 - 1300, 1300 - 1700",45,3
"ATLAS EYE SPECIALIST CENTRE","SPECIALIST","290  ORCHARD ROAD  #07-09  PARAGON MEDICAL CENTRE  SINGAPORE 238859","67379119","CENTRAL","","OPHTHALMOLOGY","0830 - 1300, 1300 - 1700",45,3
"ALPHA JOINTS & ORTHOPAEDICS","SPECIALIST","6  NAPIER ROAD  #02-20  GLENEAGLES MEDICAL CENTRE  SINGAPORE 258499","64792488","CENTRAL","","ORTHOPAEDIC","0900 - 1300, 1300 - 1700",45,3
"ADVANCED UROLOGY ASSOCIATE (ORCHARD)","SPECIALIST","3  MOUNT ELIZABETH  #17-14  MOUNT ELIZABETH HOSPITAL  SINGAPORE 228510","67350369","CENTRAL","","UROLOGY","0900 - 1200, 1400 - 1700",45,3
"ADVANCED UROLOGY ASSOCIATE (GLENEAGLES)","SPECIALIST","6  NAPIER ROAD  #04-16  GLENEAGLES MEDICAL CENTRE  SINGAPORE 258499","64753668","CENTRAL","","UROLOGY","0900 - 1200, 1400 - 1700",45,3
"ADVANCED UROLOGY ASSOCIATE (NOVENA)","SPECIALIST","38  IRRAWADDY ROAD  #07-40  MOUNT ELIZABETH NOVENA SPECIALIST CENTRE  SINGAPORE 329563","66941838","CENTRAL","","UROLOGY","0900 - 1200, 1400 - 1700",45,3
"COVE ORTHOPAEDIC CLINIC (MOUNT ELIZABETH)","SPECIALIST","3  MOUNT ELIZABETH  #14-13  MT ELIZABETH MEDICAL CENTRE  SINGAPORE 228510","64757177","CENTRAL","","ORTHOPAEDIC","0900 - 1300, 1400 - 1700",45,3
"ARDMORE ORTHOPAEDIC CLINIC (FARRER PARK)","SPECIALIST","1  FARRER PARK STATION ROAD  #11-10 CONNEXION FARRER PARK HOSPITAL  SINGAPORE 217562","96317637","CENTRAL","","ORTHOPAEDIC","0900 - 1300, 1400 - 1700",45,3
"ALFRED CHENG CARDIAC CARE","SPECIALIST","3  MOUNT ELIZABETH  #15-15  MOUNT ELIZABETH MEDICAL CENTRE  SINGAPORE 228510","67357735","CENTRAL","","CARDIOLOGY","0830 - 1300, 1400 - 1730",45,3
"ASCENSION HEART CENTRE","SPECIALIST","820  THOMSON ROAD  #07-60  MT ALVERNIA MEDICAL CENTRE BLOCK D  SINGAPORE 574623","64640760","CENTRAL","","CARDIOLOGY","0800 - 1300, 1300 - 1700",45,3
"ADVANCED UROLOGY ASSOCIATES (PARKWAY EAST)","SPECIALIST","319  JOO CHIAT PLACE  #02-05  PARKWAY EAST MEDICAL CENTRE  SINGAPORE 427989","68810048","EAST","","UROLOGY","0900 - 1230, 1400 - 1700",45,3
"ASTRA WOMEN'S SPECIALISTS (PUNGGOL)","SPECIALIST","BLK 681  PUNGGOL DRIVE  #03-11  SINGAPORE 820681","62585530","NORTHEAST","","OBSTETRICS &amp; GYNAECOLOGY","0900 - 1300, 1300 - 1700",45,3
"ATLAS EYE SPECIALIST CENTRE (NOVENA)","SPECIALIST","101  IRRAWADDY ROAD  #19-12/13  ROYAL SQUARE AT NOVENA  SINGAPORE 329565","67379119","CENTRAL","","OPHTHALMOLOGY","0830 - 1300, 1300 - 1730",45,3
"ALPHA JOINTS & ORTHOPAEDICS (PARAGON)","SPECIALIST","290 ORCHARD ROAD, #15-11/12, PARAGON MEDICAL CENTER, SINGAPORE 238859","65142137","CENTRAL","","ORTHOPAEDIC","0900 - 1300, 1400 - 1700",45,3
"ARDEN-JR SURGERY","SPECIALIST","38  IRRAWADDY ROAD  #08-32  MOUNT ELIZABETH NOVENA SPECIALIST CENTRE  SINGAPORE 329563","65920078","CENTRAL","","GENERAL SURGERY","0900 - 1300, 1300 - 1700",45,3
"ASCENSION HEART CENTRE (FARRER PARK)","SPECIALIST","1  FARRER PARK STATION ROAD  #10-16  CONNEXION SINGAPORE 217562","64681016","CENTRAL","","CARDIOLOGY","0830 - 1300, 1300 - 1700",45,3
"AVA EYE CLINIC","SPECIALIST","101  IRRAWADDY ROAD  #20-01  ROYAL SQUARE MEDICAL SUITES  SINGAPORE 329565","62507377","CENTRAL","","OPHTHALMOLOGY","0900 - 1300, 1300 - 1730",45,3
"ALPHA WOMEN'S SPECIALISTS (NOVENA)","SPECIALIST","101  IRRAWADDY ROAD  #12-07/14  ROYAL SQUARE @ NOVENA  SINGAPORE 329565","68608888","CENTRAL","","OBSTETRICS &amp; GYNAECOLOGY","0800 - 1300, 1300 - 1700",45,3
"ADVANCED UROLOGY ASSOCIATE (FARRER PARK)","SPECIALIST","1  FARRER PARK STATION ROAD  #14-11  CONNEXION SINGAPORE 217562","66949722","CENTRAL","","UROLOGY","0900 - 1230, 1400 - 1730",45,3
"ANDREW LEE BREAST CLINIC","SPECIALIST","6  NAPIER ROAD  #09-13  GLENEAGLES MEDICAL CENTRE  SINGAPORE 258499","69096488","CENTRAL","","GENERAL SURGERY","0900 - 1300, 1300 - 1700",45,3
"ADULT & CHILD EYE (ACE) CLINIC","SPECIALIST","820 THOMSON ROAD  MOUNT ALVERNIA HOSPITAL #02-82 ST ANNE MOTHER & CHILD CENTRE SINGAPORE 574623","67776058","CENTRAL","","OPHTHALMOLOGY","0830 - 1300, 1300 - 1730",45,3
"AVANT SPORTS SHOULDER AND ELBOW SURGERY","SPECIALIST","319  JOO CHIAT PLACE  #04-06  PARKWAY EAST MEDICAL CENTRE  SINGAPORE 427989","69708916","EAST","","ORTHOPAEDIC","0900 - 1300, 1300 - 1730",45,3
"AVANT SPINE SURGERY","SPECIALIST","319  JOO CHIAT PLACE  #04-06  PARKWAY EAST MEDICAL CENTRE  SINGAPORE 427989","69708916","EAST","","ORTHOPAEDIC","0900 - 1300, 1300 - 1730",45,3
"ALPINE SURGICAL PRACTICE","SPECIALIST","3  MOUNT ELIZABETH  #17-16  MOUNT ELIZABETH MEDICAL CENTRE  SINGAPORE 228510","65898929","CENTRAL","","GENERAL SURGERY","0900 - 1300, 1300 - 1700",45,3
"ASIA DIGESTIVE ASSOCIATES @ NAPIER","SPECIALIST","6  NAPIER ROAD  #09-11  GLENEAGLES MEDICAL CENTRE  SINGAPORE 258499","69708494","CENTRAL","","GASTROENTEROLOGY","0900 - 1300, 1300 - 1700",45,3
"AVANT SPINE SURGERY CLINIC (NOVENA)","SPECIALIST","38  IRRAWADDY ROAD  #05-31  MT ELIZABETH NOVENA MEDICAL CENTRE  SINGAPORE 329563","62623616","CENTRAL","","ORTHOPAEDIC","0900 - 1300, 1300 - 1730",45,3
"AVANT SPORTS, SHOULDER AND ELBOW SURGERY CLINIC (NOVENA)","SPECIALIST","38  IRRAWADDY ROAD  #05-31  MOUNT ELIZABETH NOVENA SPECIALIST CENTRE  SINGAPORE 329563","62623616","CENTRAL","","ORTHOPAEDIC","0900 - 1300, 1300 - 1730",45,3
"ADULT & CHILD ENT SPECIALISTS","SPECIALIST","1  FARRER PARK STATION ROAD  #14-04  CONNEXION SINGAPORE 217562","69709408","CENTRAL","","EAR NOSE THROAT","0900 - 1300, 1300 - 1700",45,3
"ADVANCED UROLOGY ASSOCIATES (MT ALVERNIA)","SPECIALIST","820 THOMSON ROAD  MOUNT ALVERNIA HOSPITAL #02-01 MEDICAL CENTRE A  SINGAPORE 574623","66535066","CENTRAL","","UROLOGY","0800 - 1300, 1300 - 1730",45,3
"ADVANCED HAND, WRIST & NERVE CENTRE","SPECIALIST","38 IRRAWADDY ROAD  #08-62/63  MOUNTH ELIZABETH NOVENA SPECIALIST CENTRE  SINGAPORE 329563","65925522","CENTRAL","","ORTHOPAEDIC","0900 - 1300, 1300 - 1700",45,3
"ALIVEO MEDICAL NOVENA PTE LTD","SPECIALIST","38  IRRAWADDY ROAD  #09-44  MOUNT ELIZABETH NOVENA  SINGAPORE 329563","62688360","CENTRAL","","GASTROENTEROLOGY","0830 - 1300, 1300 - 1700",45,3
"ALIVEO MEDICAL THOMSON PTE LTD","SPECIALIST","820 THOMSON ROAD  MOUNT ALVERNIA HOSPITAL #06-01 MEDICAL CENTRE A  SINGAPORE 574623","62557336","CENTRAL","","GASTROENTEROLOGY","0830 - 1300, 1300 - 1700",45,3
"ALIVEO MEDICAL ORCHARD PTE LTD","SPECIALIST","3 MT ELIZABETH   #16-16 MT ELIZABETH MEDICAL CENTRE   SINGAPORE 228510","62356136","CENTRAL","","GASTROENTEROLOGY","0830 - 1300, 1300 - 1700",45,3
"ADVANCED ORTHOPAEDIC & SPORTS CENTRE (AOSC) PTE.LTD.","SPECIALIST","38 IRRAWADDY ROAD  #08-62/63  MOUNT ELIZABETH NOVENA SPECIALIST CENTRE  SINGAPORE 329563","65925525","CENTRAL","","ORTHOPAEDIC","0900 - 1300, 1300 - 1700",45,3
"ACE CARDIOLOGY CLINIC","SPECIALIST","3  MT ELIZABETH  #17-18  MT ELIZABETH MEDICAL CENTRE  SINGAPORE 228510","62357536","CENTRAL","","CARDIOLOGY","0900 - 1300, 1300 - 1700",45,3
"ADVANCED EYE CLINIC & SURGERY","SPECIALIST","3  MT ELIZABETH  #16-14  MT ELIZABETH MEDICAL CENTRE  SINGAPORE 228510","68873366","CENTRAL","","OPHTHALMOLOGY","0830 - 1300, 1300 - 1730",45,3
"ASCENT EAR NOSE THROAT SPECIALIST GROUP PTE LTD","SPECIALIST","3 MOUNT ELIZABETH  #09-03  MOUNT ELIZABETH MEDICAL CENTRE  SINGAPORE 288510","67383615","CENTRAL","","OTORHINOLARYNGOLOGY","0900 - 1300, 1300 - 1700",45,3
"ASCENT EAR NOSE THROAT SG EAST PTE LTD","SPECIALIST","319   JOO CHIAT PLACE  #05-04  PARKWAY EAST MEDICAL CENTRE  SINGAPORE 427989","63460464","EAST","","OTORHINOLARYNGOLOGY","0900 - 1300, 1300 - 1700",45,3
"ASCENT ENT ALVERNIA HOLDINGS PTE LTD","SPECIALIST","820  THOMSON ROAD  #08-63  MOUNT ALVERNIA MEDICAL CENTRE D  SINGAPORE 574623","62564489","CENTRAL","","OTORHINOLARYNGOLOGY","0900 - 1300, 1300 - 1700",45,3
"ADVANCED COLORECTAL AND GENERAL SURGERY","SPECIALIST","820  THOMSON ROAD  #01-06  MOUNT ALVERNIA HOSPITAL  SINGAPORE 574623","62525083","NORTHEAST","","COLORECTAL","0830 - 1300, 1300 - 1700",45,3
"AARE UROCARE PTE LTD","SPECIALIST","6 NAPIER ROAD  #10-06   GLENEAGLES MEDICAL CENTRE  SINGAPORE 258499","62524681","CENTRAL","","UROLOGY","0900 - 1200, 1400 - 1700",45,3
"ADVANCED BRAIN AND SPINE SURGICAL CENTRE (ORCHARD)","SPECIALIST","3  MOUNT ELIZABETH  #10-15  MOUNT ELIZABETH MEDICAL CENTRE  SINGAPORE 228510","62354785","CENTRAL","","NEUROLOGY","0900 - 1300, 1300 - 1700",45,3
"ADVANCED VASCULAR & ENDOVASCULAR CLINIC","SPECIALIST","3   MOUNT ELIZABETH  #16-10  MOUNT ELIZABETH MEDICAL CENTRE   SINGAPORE 228510","69707071","CENTRAL","","GENERAL SURGERY","0900 - 1300, 1400 - 1700",45,3
"ALPHA DIGESTIVE & LIVER CENTRE","SPECIALIST","3   MOUNT ELIZABETH   #15-09   MOUNT ELIZABETH MEDICAL CENTRE  SINGAPORE 228510","62359658","CENTRAL","","GASTROENTEROLOGY","0900 - 1300, 1300 - 1700",45,3
"ADVANCED SINUS & SKULL BASE CENTRE - ENT","SPECIALIST","3 MOUNT ELIZABETH   #10-15  SINGAPORE 228510","62356933","CENTRAL","","OTORHINOLARYNGOLOGY","0900 - 1300, 1400 - 1700",45,3
"ACORN GASTROENTEROLOGY (FARRER PARK)","SPECIALIST","1  FARRER PARK STATION ROAD  #13-14  CONNEXION SINGAPORE 217562","64432520","NORTH EAST","","GASTROENTEROLOGY","0900 - 1300, 1300 - 1700",45,3
"ACORN GASTROENTEROLOGY (GLENEAGLES)","SPECIALIST","6  NAPIER ROAD  #05-01  GLENEAGLES MEDICAL CENTRE  SINGAPORE 258499","62507309","CENTRAL","","GASTROENTEROLOGY","0900 - 1300, 1300 - 1700",45,3
"ARDMORE ORTHOPAEDIC CLINIC","SPECIALIST","101  IRRAWADDY ROAD  #10-14  ROYAL SQUARE MEDICAL CENTRE  SINGAPORE 329565","69701307","CENTRAL","","ORTHOPAEDIC","0900 - 1300, 1400 - 1700",45,3
"ASSURE UROLOGY & ROBOTIC CENTRE","SPECIALIST","3  MOUNT ELIZABETH  #17-16  MOUNT ELIZABETH MEDICAL CENTRE  SINGAPORE 228510","62570668","CENTRAL","","UROLOGY","0900 - 1300, 1300 - 1700",45,3
"ALLERGY & SINUS ENT-HEAD & NECK SURGERY SPECIALIST CENTRE","SPECIALIST","321  JOO CHIAT PLACE  #05-01  PARKWAY EAST HOSPITAL  SINGAPORE 427990","98584585","EAST","","OTORHINOLARYNGOLOGY","0900 - 1300, 1300 - 1700",45,3
"ALIVEOMEDICAL FARRER PARK PTE LTD","SPECIALIST","1  FARRER PARK STATION ROAD  #08-12  CONNEXION SINGAPORE 217562","64431882","CENTRAL","","GASTROENTEROLOGY","0830 - 1300, 1300 - 1730",45,3
"ALLIANCE HEART CENTRE","SPECIALIST","3  MOUNT ELIZABETH  #15-14  SINGAPORE 228510","88568000","CENTRAL","","CARDIOLOGY","0900 - 1300",45,3
"ARETE ORTHOPAEDIC CENTRE","SPECIALIST","3  MOUNT ELIZABETH  #13-14  SINGAPORE 228510","66904172","CENTRAL","","ORTHOPAEDIC","0830 - 1300, 1300 - 1730",45,3
"ACORN GASTROENTEROLOGY (PARKWAY EAST)","SPECIALIST","319 JOO CHIAT PL  #04-05  PARKWAY EAST MEDICAL CENTRE  SINGAPORE 427989","62414786","EAST","","GASTROENTEROLOGY","0900 - 1300, 1300 - 1700",45,3
"EAGLE EYE AESTHETICS (KAP)","SPECIALIST","9  KING ALBERT PARK  KAP RESIDENCES MALL  #01- 15/16  SINGAPORE 598332","69701000","WEST","","OPHTHALMOLOGY","1000 - 1300, 1300 - 1800",45,3
"ASIAN HEART & VASCULAR CENTRE (FARRER PARK)","SPECIALIST","1  FARRER PARK STATION ROAD  #09-05/06 CONNEXION  SINGAPORE 217562","65490799","NORTHEAST","","CARDIOLOGY","0830 - 1300, 1400 - 1700",45,3
"AVANT HIP AND KNEE SURGERY CLINIC (MOUNT ELIZABETH)","SPECIALIST","38  IRRAWADDY ROAD  #05-31  MOUNT ELIZABETH NOVENA SPECIALIST CENTRE  SINGAPORE 329563","62623616","CENTRAL","","ORTHOPAEDIC","0900 - 1300, 1300 - 1730",45,3
"AVANT HIP AND KNEE SURGERY CLINIC (PARKWAY EAST)","SPECIALIST","319  JOO CHIAT PLACE  #04-06  PARKWAY EAST MEDICAL CENTRE  SINGAPORE 427989","69708916","EAST","","ORTHOPAEDIC","0900 - 1300, 1300 - 1730",45,3
"ARK SURGICAL PRACTICE","SPECIALIST","3  MOUNT ELIZABETH  #17-01  MOUNT ELIZABETH MEDICAL CENTRE  SINGAPORE 228510","89006222/
89006111","CENTRAL","","GENERAL SURGERY","0900 - 1300, 1300 - 1730",45,3
"ASIAN AORTIC & VASCULAR CENTRE","SPECIALIST","3  MOUNT ELIZABETH  #10-14  MOUNT ELIZABETH MEDICAL CENTRE  SINGAPORE 228510","69089958","CENTRAL","","GENERAL SURGERY","0830 - 1300, 1400 - 1700",45,3
"ALLERGY & SINUS ENT-HEAD & NECK SURGERY SPECIALIST CENTRE (PARAGON)","SPECIALIST","290  ORCHARD ROAD  #09-01/02  PARAGON MEDICAL CENTRE  SINGAPORE 238859","63200310","CENTRAL","","OTORHINOLARYNGOLOGY","0900 - 1300, 1300 - 1700",45,3
"ARTISAN SPORTS & ORTHOPAEDICS CLINIC","SPECIALIST","290  ORCHARD ROAD  #07-12  THE PARAGON SINGAPORE 238859","89098877","CENTRAL","","ORTHOPAEDIC","0900 - 1300, 1300 - 1730",45,3
"AELIUS SURGICAL CENTRE PTE LTD","SPECIALIST","3  MOUNT ELIZABETH  #11-16  MOUNT ELIZABETH MEDICAL CENTRE  SINGAPORE 228510","69566588","CENTRAL","","GENERAL SURGERY","0900 - 1300, 1300 - 1700",45,3
"ACHIEVE SPINE AND ORTHOPAEDIC CENTRE","SPECIALIST","3  MOUNT ELIZABETH  #16-11  MOUNT ELIZABETH MEDICAL CENTRE  SINGAPORE 228510","87989808","CENTRAL","","ORTHOPAEDIC","0830 - 1300, 1300 - 1730",45,3
"ACTIV ORTHOPAEDIC CENTRE","SPECIALIST","3  MOUNT ELIZABETH  #17-09  MOUNT ELIZABETH MEDICAL CENTRE  SINGAPORE 228510","67349395","CENTRAL","","ORTHOPAEDIC SURGERY","0830 - 1300, 1300 - 1730",45,3
"ARETE ORTHOPAEDIC CENTRE (MOUNT ALVERNIA)","SPECIALIST","820  THOMSON ROAD  #05-51  MOUNT ALVERNIA HOSPITAL MEDICAL CENTRE D  SINGAPORE 574623","66904172","CENTRAL","","ORTHOPAEDIC SURGERY","0830 - 1300, 1300 - 1730",45,3
"ANDREA'S DIGESTIVE, COLON, LIVER & GALLBLADDER CLINIC PTE LTD","SPECIALIST","101  IRRAWADDY ROAD  #21-11/12  ROYAL SQUARE MEDICAL CENTRE  SINGAPORE 329565","62642836","CENTRAL","","GASTROENTEROLOGY","0900 - 1300, 1300 - 1700",45,3
"ASCEND EYE CLINIC","SPECIALIST","1  FARRER PARK STATION ROAD  #08-15  CONNEXION SINGAPORE 217562","63203788","CENTRAL","","OPHTHALMOLOGY","0900 - 1300, 1300 - 1730",45,3
"ASIAN ALLIANCE RADIATION & ONCOLOGY PTE LTD (FARRER PARK)","SPECIALIST","1 FARRER PARK STATION ROAD   #14-01   CONNEXION SINGAPORE 217562","81013838","CENTRAL","","RADIATION ONCOLOGY","0830 - 1300, 1300 - 1730",45,3
"ASIAN ALLIANCE RADIATION & ONCOLOGY PTE LTD (GLENEAGLES)","SPECIALIST","6A NAPIER ROAD  #05-36C  GLENEAGLES HOSPITAL ANNEXE BLOCK  SINGAPORE 258500","81013838","CENTRAL","","RADIATION ONCOLOGY","0830 - 1300, 1300 - 1730",45,3
"ASIAN ALLIANCE RADIATION & ONCOLOGY PTE LTD (MOUNT ALVERNIA)","SPECIALIST","820 THOMSON ROAD  #08-53  MOUNT ALVERNIA HOSPITAL  SINGAPORE 574623","81013838","CENTRAL","","RADIATION ONCOLOGY","0830 - 1300, 1300 - 1730",45,3
"ASIAN ALLIANCE RADIATION & ONCOLOGY PTE LTD (MOUNT ELIZABETH)","SPECIALIST","3 MOUNT ELIZABETH  #17-05  MOUNT ELIZABETH MEDICAL CENTRE  SINGAPORE 228510","81013838","CENTRAL","","RADIATION ONCOLOGY","0830 - 1300, 1300 - 1730",45,3
"ASIAN ALLIANCE RADIATION & ONCOLOGY PTE LTD (NOVENA)","SPECIALIST","10  SINARAN DRIVE  #10-10  NOVENA MEDICAL CENTRE SQUARE 2  SINGAPORE 307506","81013838","CENTRAL","","RADIATION ONCOLOGY","0830 - 1300, 1300 - 1730",45,3
"ASIAN AORTIC & VASCULAR CENTRE (MOUNT ELIZABETH)","SPECIALIST","38  IRRAWADDY ROAD  #06-55  MOUNT ELIZABETH NOVENA SPECIALIST CENTRE  SINGAPORE 329563","63203988","CENTRAL","","GENERAL SURGERY","0830 - 1300, 1400 - 1700",45,3
"AUSPICIUM ORTHOPAEDIC CENTRE (PARKWAY EAST)","SPECIALIST","319  JOO CHIAT PLACE  #02-05  PARKWAY EAST MEDICAL CENTRE  SINGAPORE 427989","96683715","EAST","","ORTHOPAEDIC","0900 - 1300, 1400 - 1800",45,3
"AELIUS SURGICAL CENTRE (PARKWAY EAST)","SPECIALIST","319  JOO CHIAT PLACE  #03-06  PARKWAY EAST MEDICAL CENTRE  SINGAPORE 427989","69566588","EAST","","GENERAL SURGERY","0900 - 1300, 1300 - 1700",45,3
"APEX SPORTS CLINIC","SPECIALIST","112 EAST COAST ROAD  #03-03/04  I12 KATONG SINGAPORE 428802","83219004","EAST","","ORTHOPAEDIC SURGERY","0830 - 1300, 1300 - 1700",45,3
"ASIAN OBSTETRICS & GYNAECOLOGY CENTRE (GLENEAGLES)","SPECIALIST","6 NAPIER ROAD  #05-01  GLENEAGLES MEDICAL CENTRE  SINGAPORE 258499","69566588","CENTRAL","","OBSTETRICS &amp; GYNAECOLOGY","0900 - 1300, 1300 - 1700",45,3
"ASIAN OBSTETRICS & GYNAECOLOGY CENTRE (PARKWAY EAST)","SPECIALIST","319 JOO CHAT PLACE  #03-06  PARKWAY EAST MEDICAL CENTRE  SINGAPORE 427989","69566588","EAST","","OBSTETRICS &amp; GYNAECOLOGY","0900 - 1300, 1300 - 1700",45,3